{
  "menu-items": [
    {
      "name": "About",
      "pages": [
        "About_Us",
        "Awards",
        "Contact_Us",
        "Sponsors"
      ]
    },
    {
      "name": "Robots",
      "pages": [
        "About_Our_Robots",
        "Cloud_9",
        "Hanalei",
        "Mavericks",
        "Pipeline",
        "Tic-Tac"
      ]
    },
    {
      "name": "FIRST",
      "pages": [
        "About_FIRST",
        "OC_FRC_Teams",
        "Competition_Games",
        "Recycle_Rush",
        "Aerial_Assist",
        "Ultimate_Ascent"
      ]
    },
    {
      "name": "Tutorials",
      "pages": [
        "All_Tutorials",
        "Electronics",
        "Scouting"
      ]
    },
    {
      "name": "Media",
      "pages": [
      ]
    }
  ],
  "unlisted-items": [
    {
      "name": "Error"
    }
  ]
}